{
    "norm": [
        -0.6925678315731616,
        -0.6897926389679266,
        0.0387781091117782
    ],
    "center": [
        2523.429379641685,
        2568.437903936053,
        1499.1224231652245
    ],
    "corners": [
        [
            2363.4055270710687,
            2747.994655555163,
            1810.7657877695542
        ],
        [
            2789.7936785622373,
            2312.684438724557,
            1731.2920672544199
        ],
        [
            2728.85685941242,
            2342.2201914173424,
            1119.6438565531917
        ],
        [
            2211.661453521014,
            2870.8523300471497,
            1334.7879810837326
        ]
    ]
}
