{
    "norm": [
        0.531931065187424,
        0.38476143461051915,
        0.007502080856293336
    ],
    "center": [
        -1.8610801696777344,
        -1.1457373350858688,
        1.3387803360819817
    ],
    "corners": [
        [
            -0.44898944346032454,
            -3.1204696284849387,
            2.1256336691630167
        ],
        [
            -3.221500940641543,
            0.7246382223684529,
            2.240470933650704
        ],
        [
            -3.1498812958391698,
            0.6436987532060408,
            0.576923799778251
        ],
        [
            -0.6239489987699003,
            -2.8308166874330305,
            0.4120929417359549
        ]
    ]
}