{
    "norm": [
        -0.23048407820998526,
        -4.373639961846327e-05,
        0.1530204856919817
    ],
    "center": [
        -1.2171804325,
        -1.5886543425,
        2.54140225
    ],
    "corners": [
        [
            -1.0687378588220326,
            -5.810031516025252,
            3.412854059535521
        ],
        [
            -0.6989683311779674,
            3.021880506025253,
            2.674197080464479
        ],
        [
            -2.1759122388220327,
            2.5320846939747472,
            1.747578909535521
        ],
        [
            -0.9251033011779675,
            -6.098551053974748,
            2.330978950464479
        ]
    ]
}